Zarathos,1671111614,"Vault withdraw",-5000000
Zarathos,1670871611,"Vault withdraw",-4000000
Zarathos,1670698196,"Vault withdraw",-1000000
Zarathos,1671108304,"Vault deposit",3203752
Zarathos,1671306102,"Vault withdraw",-6000000
Zarathos,1671306091,"Vault deposit",3915202
Symos,1671136332,"Vault withdraw",-750000
Zarathos,1671313291,"Vault withdraw",-8000000
Zarathos,1671313285,"Vault deposit",3000000
Zarathos,1671313280,"Vault deposit",3000000
Zarathos,1671313336,"Vault deposit",4000000
Symos,1671362029,"Vault withdraw",-50099
Symos,1671449217,"Vault withdraw",-200000
